station,address
HQ,301 2nd Avenue South
HMC,325 9 Avenue
FMO,220 3rd Avenue South
2,2320 4th Avenue
3,1735 West Thurman
5,925 Alaskan Way
6,405 Martin Luther King Jr. Way S.
8,110 Lee Street
9,3829 Linden Avenue North
10,400 S. Washington St.
11,1514 SW Holden Street
13,3601 Beacon Avenue S.
14,3224 4th Avenue South
16,6846 Oswego Place NE
17,1050 NE 50th Street
18,1521 NW Market Street
20,2800 15th Avenue West
21,7304 Greenwood Ave. N.
22,901 East Roanoke Street
24,401 North 130th Street
25,1300 East Pine Street
26,800 S. Cloverdale Street
27,1000 South Myrtle Street
28,5968 Rainier Avenue South
29,2139 Ferry Avenue SW
30,2931 Mt. Baker Blvd. S.
31,1319 North Northgate Way
32,3715 SW Alaska St.
33,9645 Renton Avenue South
34,633 32nd Avenue East
35,8729 15th Avenue NW
36,3600 23rd Avenue SW
37,7700 35th Avenue SW
38,4004 NE 55th Street
39,2806 NE 127th Street
40,9401 35th Avenue NE
41,2416 34th Avenue West
